{"version": "1", "message": "ERROR: Hidden Testcases server unreachable.", "problem_id": "ads1_m6_a1", "user_id": "Anisha-Vulli", "score": {"sample": {"0": {"execution_time": 0.31020069122314453, "passed": true}, "1": {"execution_time": 0.32551026344299316, "passed": true}, "2": {"execution_time": 0.33583855628967285, "passed": true}, "3": {"execution_time": 0.330890417098999, "passed": true}, "4": {"execution_time": 0.36107349395751953, "passed": true}, "5": {"execution_time": 0.3827087879180908, "passed": true}, "6": {"execution_time": 0.3233211040496826, "passed": true}, "7": {"execution_time": 0.29547786712646484, "passed": true}, "8": {"execution_time": 0.32045865058898926, "passed": true}, "9": {"execution_time": 0.29913997650146484, "passed": true}, "10": {"execution_time": 0.30631566047668457, "passed": true}, "11": {"execution_time": 0.35077500343322754, "passed": true}}}, "check_style_score": "0/1"}