{"version": "1", "message": "ERROR: Hidden Testcases server unreachable.", "problem_id": "ads1_m6_a1", "user_id": "Anisha-Vulli", "score": {"sample": {"0": {"execution_time": 0.3134188652038574, "passed": true}, "1": {"execution_time": 0.37534666061401367, "passed": true}, "2": {"execution_time": 0.28624415397644043, "passed": true}, "3": {"execution_time": 0.5456843376159668, "passed": true}, "4": {"execution_time": 0.41376256942749023, "passed": true}, "5": {"execution_time": 0.47472715377807617, "passed": true}, "6": {"execution_time": 0.47172999382019043, "passed": true}, "7": {"execution_time": 0.5226998329162598, "passed": true}, "8": {"execution_time": 0.3868105411529541, "passed": true}, "9": {"execution_time": 0.4497697353363037, "passed": true}, "10": {"execution_time": 0.6827003955841064, "passed": true}, "11": {"execution_time": 0.540198564529419, "passed": true}}}, "check_style_score": "0/1"}