{"version": "1", "message": "ERROR: Hidden Testcases server unreachable.", "problem_id": "ads1_m6_a1", "user_id": "Anisha-Vulli", "score": {"sample": {"0": {"execution_time": 0.3217318058013916, "passed": true}, "1": {"execution_time": 0.3102383613586426, "passed": true}, "2": {"execution_time": 0.2946357727050781, "passed": true}, "3": {"execution_time": 0.28005456924438477, "passed": true}, "4": {"execution_time": 0.32207584381103516, "passed": true}, "5": {"execution_time": 0.30756330490112305, "passed": true}, "6": {"execution_time": 0.32805919647216797, "passed": true}, "7": {"execution_time": 0.31326818466186523, "passed": true}, "8": {"execution_time": 0.3300759792327881, "passed": true}, "9": {"execution_time": 0.2815234661102295, "passed": true}, "10": {"execution_time": 0.33158206939697266, "passed": true}, "11": {"execution_time": 0.33132052421569824, "passed": true}}}, "check_style_score": "0/1"}