{"version": "1", "message": "ERROR: Hidden Testcases server unreachable.", "problem_id": "ads1_m6_a1", "user_id": "Anisha-Vulli", "score": {"sample": {"0": {"execution_time": 0.3331115245819092, "passed": true}, "1": {"execution_time": 0.3059041500091553, "passed": true}, "2": {"execution_time": 0.33866238594055176, "passed": true}, "3": {"execution_time": 0.32099461555480957, "passed": true}, "4": {"execution_time": 0.28188443183898926, "passed": true}, "5": {"execution_time": 0.2935447692871094, "passed": true}, "6": {"execution_time": 0.3937661647796631, "passed": true}, "7": {"execution_time": 0.3215901851654053, "passed": true}, "8": {"execution_time": 0.34585046768188477, "passed": true}, "9": {"execution_time": 0.3485710620880127, "passed": true}, "10": {"execution_time": 0.2897515296936035, "passed": true}, "11": {"execution_time": 0.3353888988494873, "passed": true}}}, "check_style_score": "0/1"}