{"version": "1", "message": "ERROR: Hidden Testcases server unreachable.", "problem_id": "ads1_m6_a1", "user_id": "Anisha-Vulli", "score": {"sample": {"0": {"execution_time": 0.3076939582824707, "passed": true}, "1": {"execution_time": 0.3370246887207031, "passed": true}, "2": {"execution_time": 0.3797330856323242, "passed": true}, "3": {"execution_time": 0.51676344871521, "passed": true}, "4": {"execution_time": 0.3599057197570801, "passed": true}, "5": {"execution_time": 0.3200106620788574, "passed": true}, "6": {"execution_time": 0.3606069087982178, "passed": true}, "7": {"execution_time": 0.29636573791503906, "passed": true}, "8": {"execution_time": 0.357712984085083, "passed": true}, "9": {"execution_time": 0.33335041999816895, "passed": true}, "10": {"execution_time": 0.31511831283569336, "passed": true}, "11": {"execution_time": 0.3539893627166748, "passed": true}}}, "check_style_score": "0/1"}