{"version": "1", "message": "ERROR: Hidden Testcases server unreachable.", "problem_id": "ads1_m6_a1", "user_id": "Anisha-Vulli", "score": {"sample": {"0": {"execution_time": 0.2989311218261719, "passed": true}, "1": {"execution_time": 0.29748034477233887, "passed": true}, "2": {"execution_time": 0.320889949798584, "passed": true}, "3": {"execution_time": 0.2968461513519287, "passed": true}, "4": {"execution_time": 0.3107643127441406, "passed": true}, "5": {"execution_time": 0.32860898971557617, "passed": true}, "6": {"execution_time": 0.3286304473876953, "passed": true}, "7": {"execution_time": 0.3732433319091797, "passed": true}, "8": {"execution_time": 0.31267213821411133, "passed": true}, "9": {"execution_time": 0.31505465507507324, "passed": true}, "10": {"execution_time": 0.33179354667663574, "passed": true}, "11": {"execution_time": 0.3138144016265869, "passed": true}}}, "check_style_score": "0/1"}