{"version": "1", "message": "ERROR: Hidden Testcases server unreachable.", "problem_id": "ads1_m6_a1", "user_id": "Anisha-Vulli", "score": {"sample": {"0": {"execution_time": 0.2829570770263672, "passed": true}, "1": {"execution_time": 0.33414554595947266, "passed": true}, "2": {"execution_time": 0.28658413887023926, "passed": true}, "3": {"execution_time": 0.43334531784057617, "passed": true}, "4": {"execution_time": 0.3249509334564209, "passed": true}, "5": {"execution_time": 0.31002020835876465, "passed": true}, "6": {"execution_time": 0.2918097972869873, "passed": true}, "7": {"execution_time": 0.2736399173736572, "passed": true}, "8": {"execution_time": 0.32963061332702637, "passed": true}, "9": {"execution_time": 0.30126476287841797, "passed": true}, "10": {"execution_time": 0.3119509220123291, "passed": true}, "11": {"execution_time": 0.3215460777282715, "passed": true}}}, "check_style_score": "0/1"}